,Unnamed: 0,Unnamed: 0.1,Unnamed: 0.1.1,Unnamed: 0.1.1.1,Unnamed: 0_x,CHROM,POS,Gene.refGene_x,Func.refGene_x,ExonicFunc.refGene_x,GF6_R_.GT,GF6_A_.GT,GF6_R_.AD,GF6_A_.AD,KF6_R_.GT,KF6_A_.GT,KF6_R_.AD,KF6_A_.AD,GS4_R_.GT,GS4_A_.GT,GS4_R_.AD,GS4_A_.AD,KS4_R_.GT,KS4_A_.GT,KS4_R_.AD,KS4_A_.AD,AF_GF6,AF_KF6,AF_GS4,AF_KS4
19,19,20,20,20,21,NC_031967.2,4250031,gene34010,intronic,.,.,.,0.0,0.0,A,A,6.0,0.0,.,.,0.0,0.0,A,A,1.0,0.0,0.0,1.0,0.0,1.0
20,20,21,21,21,22,NC_031967.2,4250055,gene34010,intronic,.,.,.,0.0,0.0,T,T,9.0,0.0,.,.,0.0,0.0,T,T,2.0,0.0,0.0,1.0,0.0,1.0
30,30,31,31,31,32,NC_031967.2,4709411,gene34019,intronic,.,G,G,2.0,0.0,.,.,0.0,0.0,G,G,2.0,0.0,.,.,0.0,0.0,1.0,0.0,1.0,0.0
31,31,32,32,32,33,NC_031967.2,4709413,gene34019,intronic,.,C,C,2.0,0.0,.,.,0.0,0.0,C,C,2.0,0.0,.,.,0.0,0.0,1.0,0.0,1.0,0.0
35,35,36,36,36,37,NC_031967.2,4776189,gene34021,UTR3,.,T,T,4.0,0.0,.,.,0.0,0.0,T,G,1.0,2.0,.,.,0.0,0.0,1.0,0.0,0.3333333333333333,0.0
36,36,37,37,37,38,NC_031967.2,4776799,gene34021,exonic,nonsynonymous_SNV,C,T,4.0,2.0,.,.,0.0,0.0,C,C,8.0,0.0,.,.,0.0,0.0,0.6666666666666666,0.0,1.0,0.0
38,38,39,39,39,40,NC_031967.2,5038846,gene34035,intronic,.,.,.,1.0,0.0,.,.,0.0,0.0,C,C,2.0,0.0,.,.,0.0,0.0,1.0,0.0,1.0,0.0
39,39,40,40,40,41,NC_031967.2,5038851,gene34035,intronic,.,.,.,1.0,0.0,.,.,0.0,0.0,C,C,2.0,0.0,.,.,0.0,0.0,1.0,0.0,1.0,0.0
49,49,50,50,50,51,NC_031967.2,6381312,gene34073\x3bgene34074,intergenic,.,.,.,0.0,0.0,G,G,3.0,0.0,.,.,0.0,1.0,G,G,2.0,0.0,0.0,1.0,0.0,1.0
50,50,51,51,51,52,NC_031967.2,6723941,gene34098\x3bgene34099,intergenic,.,.,.,1.0,0.0,.,.,0.0,0.0,.,.,0.0,0.0,G,G,5.0,0.0,1.0,0.0,0.0,1.0
61,61,62,62,62,63,NC_031967.2,7519625,gene34166,ncRNA_exonic,.,G,G,2.0,0.0,.,.,0.0,0.0,G,G,2.0,0.0,.,.,0.0,0.0,1.0,0.0,1.0,0.0
72,72,73,73,73,74,NC_031967.2,8617572,gene34207\x3bgene34208,intergenic,.,C,C,2.0,0.0,.,.,0.0,0.0,C,C,2.0,0.0,.,.,0.0,0.0,1.0,0.0,1.0,0.0
75,75,76,76,76,77,NC_031967.2,9053971,gene34211,intronic,.,.,.,0.0,0.0,G,G,4.0,0.0,.,.,0.0,0.0,G,G,6.0,0.0,0.0,1.0,0.0,1.0
77,77,78,78,78,79,NC_031967.2,9805644,gene34247\x3bgene34248,intergenic,.,C,C,2.0,0.0,.,.,0.0,0.0,C,C,6.0,0.0,.,.,0.0,0.0,1.0,0.0,1.0,0.0
78,78,79,79,79,80,NC_031967.2,9805646,gene34247\x3bgene34248,intergenic,.,G,G,2.0,0.0,.,.,0.0,0.0,G,G,6.0,0.0,.,.,0.0,0.0,1.0,0.0,1.0,0.0
82,82,83,83,83,84,NC_031967.2,10057016,gene34262\x3bgene34263,intergenic,.,.,.,0.0,0.0,T,T,2.0,0.0,T,T,3.0,0.0,.,.,0.0,0.0,0.0,1.0,1.0,0.0
83,83,84,84,84,85,NC_031967.2,10057017,gene34262\x3bgene34263,intergenic,.,.,.,0.0,0.0,C,C,2.0,0.0,C,C,3.0,0.0,.,.,0.0,0.0,0.0,1.0,1.0,0.0
84,84,85,85,85,86,NC_031967.2,10283497,gene34282,intronic,.,A,A,4.0,0.0,.,.,0.0,0.0,A,A,3.0,0.0,.,.,0.0,0.0,1.0,0.0,1.0,0.0
85,85,86,86,86,87,NC_031967.2,10283505,gene34282,intronic,.,C,C,4.0,0.0,.,.,0.0,0.0,C,C,3.0,0.0,.,.,0.0,0.0,1.0,0.0,1.0,0.0
89,89,90,90,90,91,NC_031967.2,10914182,gene34308,exonic,nonsynonymous_SNV,C,C,3.0,0.0,.,.,0.0,0.0,C,C,3.0,0.0,.,.,0.0,0.0,1.0,0.0,1.0,0.0
90,90,91,91,91,92,NC_031967.2,11004118,gene34313,intronic,.,.,.,0.0,0.0,A,A,2.0,0.0,.,.,0.0,0.0,A,A,2.0,0.0,0.0,1.0,0.0,1.0
91,91,92,92,92,93,NC_031967.2,11004123,gene34313,intronic,.,.,.,0.0,0.0,T,T,2.0,0.0,.,.,0.0,0.0,T,T,2.0,0.0,0.0,1.0,0.0,1.0
97,97,98,98,98,99,NC_031967.2,11741536,gene34347,intronic,.,.,.,1.0,0.0,.,.,0.0,0.0,C,C,3.0,0.0,.,.,0.0,0.0,1.0,0.0,1.0,0.0
98,98,99,99,99,100,NC_031967.2,11815977,gene34350,exonic,nonsynonymous_SNV,.,.,0.0,0.0,A,A,3.0,0.0,.,.,0.0,0.0,A,A,2.0,0.0,0.0,1.0,0.0,1.0
99,99,100,100,100,101,NC_031967.2,11815981,gene34350,exonic,synonymous_SNV,.,.,0.0,0.0,G,G,3.0,0.0,.,.,0.0,0.0,G,G,2.0,0.0,0.0,1.0,0.0,1.0
104,104,105,105,105,106,NC_031967.2,12861778,gene34366,intronic,.,C,C,2.0,0.0,.,.,0.0,0.0,.,.,0.0,0.0,C,C,4.0,0.0,1.0,0.0,0.0,1.0
105,105,106,106,106,107,NC_031967.2,12861779,gene34366,intronic,.,A,A,2.0,0.0,.,.,0.0,0.0,.,.,0.0,0.0,A,A,4.0,0.0,1.0,0.0,0.0,1.0
121,121,122,122,122,123,NC_031967.2,13671755,gene34375,intronic,.,.,.,0.0,0.0,C,C,3.0,0.0,.,.,0.0,0.0,C,C,4.0,0.0,0.0,1.0,0.0,1.0
122,122,123,123,123,124,NC_031967.2,13671757,gene34375,intronic,.,.,.,0.0,0.0,C,C,3.0,0.0,.,.,0.0,0.0,C,C,4.0,0.0,0.0,1.0,0.0,1.0
131,131,132,132,132,133,NC_031967.2,15581821,gene34442\x3bgene34443,intergenic,.,.,.,0.0,0.0,G,G,1.0,0.0,.,.,0.0,0.0,G,G,1.0,0.0,0.0,1.0,0.0,1.0
150,150,151,151,151,152,NC_031967.2,17566780,gene34547,intronic,.,.,.,0.0,0.0,T,T,3.0,0.0,.,.,0.0,0.0,T,T,2.0,0.0,0.0,1.0,0.0,1.0
151,151,152,152,152,153,NC_031967.2,17566783,gene34547,intronic,.,.,.,0.0,0.0,C,C,3.0,0.0,.,.,0.0,0.0,C,C,2.0,0.0,0.0,1.0,0.0,1.0
155,155,156,156,156,157,NC_031967.2,18275926,gene34577,intronic,.,.,.,0.0,0.0,A,A,2.0,0.0,A,A,2.0,0.0,.,.,0.0,0.0,0.0,1.0,1.0,0.0
156,156,157,157,157,158,NC_031967.2,18323234,gene34577,exonic,nonsynonymous_SNV,.,.,0.0,0.0,C,C,3.0,0.0,.,.,0.0,0.0,C,C,2.0,0.0,0.0,1.0,0.0,1.0
164,164,165,165,165,166,NC_031967.2,18964215,gene34582\x3bgene34583,intergenic,.,.,.,0.0,0.0,A,A,2.0,0.0,A,A,2.0,0.0,.,.,0.0,0.0,0.0,1.0,1.0,0.0
166,166,167,167,167,168,NC_031967.2,19097033,gene34583\x3bgene34584,intergenic,.,.,.,0.0,0.0,T,T,2.0,0.0,.,.,0.0,0.0,T,T,2.0,0.0,0.0,1.0,0.0,1.0
168,168,169,169,169,170,NC_031967.2,19392194,gene34587,intronic,.,T,T,2.0,0.0,.,.,0.0,0.0,.,.,0.0,0.0,T,T,2.0,0.0,1.0,0.0,0.0,1.0
183,183,184,184,184,185,NC_031967.2,21792540,gene34734,intronic,.,C,C,2.0,0.0,.,.,0.0,0.0,.,.,0.0,0.0,C,C,2.0,0.0,1.0,0.0,0.0,1.0
184,184,185,185,185,186,NC_031967.2,22060155,gene34739,exonic,nonsynonymous_SNV,G,G,4.0,0.0,.,.,0.0,1.0,G,G,4.0,0.0,.,.,0.0,0.0,1.0,0.0,1.0,0.0
192,192,193,193,193,194,NC_031967.2,23168521,gene34834,downstream,.,.,.,0.0,0.0,G,G,2.0,0.0,G,G,3.0,0.0,.,.,0.0,0.0,0.0,1.0,1.0,0.0
195,195,196,196,196,197,NC_031967.2,23719969,gene34865,ncRNA_intronic,.,G,G,3.0,0.0,.,.,0.0,1.0,G,G,6.0,0.0,.,.,0.0,0.0,1.0,0.0,1.0,0.0
211,211,212,212,212,213,NC_031967.2,26782631,gene35008,exonic,synonymous_SNV,.,.,0.0,0.0,G,G,5.0,0.0,.,.,0.0,0.0,G,G,2.0,0.0,0.0,1.0,0.0,1.0
212,212,213,213,213,214,NC_031967.2,27089447,gene35031,exonic,nonsynonymous_SNV,T,T,2.0,0.0,.,.,0.0,0.0,T,T,2.0,0.0,.,.,0.0,1.0,1.0,0.0,1.0,0.0
217,217,218,218,218,219,NC_031967.2,27974269,gene35079\x3bgene35080,intergenic,.,.,.,1.0,0.0,.,.,0.0,0.0,T,T,2.0,0.0,.,.,0.0,1.0,1.0,0.0,1.0,0.0
218,218,219,219,219,220,NC_031967.2,27974276,gene35079\x3bgene35080,intergenic,.,.,.,1.0,0.0,.,.,0.0,0.0,C,C,2.0,0.0,.,.,0.0,1.0,1.0,0.0,1.0,0.0
225,225,226,226,226,227,NC_031967.2,30710897,gene35233,intronic,.,C,C,2.0,0.0,.,.,0.0,0.0,.,.,0.0,0.0,C,C,2.0,0.0,1.0,0.0,0.0,1.0
226,226,227,227,227,228,NC_031967.2,30738045,gene35233,intronic,.,A,A,2.0,0.0,.,.,0.0,0.0,.,.,0.0,0.0,A,A,2.0,0.0,1.0,0.0,0.0,1.0
235,235,236,236,236,237,NC_031967.2,31570845,gene35274,intronic,.,C,C,2.0,0.0,.,.,0.0,1.0,C,C,2.0,0.0,.,.,0.0,0.0,1.0,0.0,1.0,0.0
236,236,237,237,237,238,NC_031967.2,31570861,gene35274,intronic,.,G,G,3.0,0.0,.,.,0.0,0.0,G,G,3.0,0.0,.,.,0.0,0.0,1.0,0.0,1.0,0.0
253,253,254,254,254,255,NC_031967.2,33108707,gene35330\x3bgene35331,intergenic,.,.,.,1.0,0.0,.,.,0.0,0.0,.,.,0.0,0.0,T,T,2.0,0.0,1.0,0.0,0.0,1.0
257,257,258,258,258,259,NC_031967.2,33241511,gene35360,intronic,.,.,.,0.0,0.0,G,G,3.0,0.0,.,.,0.0,0.0,G,G,2.0,0.0,0.0,1.0,0.0,1.0
258,258,259,259,259,260,NC_031967.2,33241516,gene35360,intronic,.,.,.,0.0,0.0,G,G,3.0,0.0,.,.,0.0,0.0,G,G,2.0,0.0,0.0,1.0,0.0,1.0
268,268,269,269,269,270,NC_031967.2,36233668,gene35505,intronic,.,.,.,0.0,0.0,C,C,4.0,0.0,.,.,0.0,0.0,C,C,2.0,0.0,0.0,1.0,0.0,1.0
272,272,273,273,273,274,NC_031967.2,36664983,gene35542\x3bgene35543,intergenic,.,.,.,0.0,0.0,.,.,1.0,0.0,.,.,0.0,0.0,G,G,2.0,0.0,0.0,1.0,0.0,1.0
279,279,280,280,280,281,NC_031967.2,39488989,gene35657,downstream,.,.,.,0.0,0.0,C,C,9.0,0.0,.,.,0.0,0.0,C,C,3.0,0.0,0.0,1.0,0.0,1.0
280,280,281,281,281,282,NC_031967.2,39488993,gene35657,downstream,.,.,.,0.0,0.0,A,A,9.0,0.0,.,.,0.0,0.0,A,A,3.0,0.0,0.0,1.0,0.0,1.0
288,288,289,289,289,290,NC_031967.2,40950735,gene35742\x3bgene35743,intergenic,.,C,C,2.0,0.0,.,.,0.0,0.0,.,.,0.0,0.0,C,C,3.0,0.0,1.0,0.0,0.0,1.0
289,289,290,290,290,291,NC_031967.2,40950739,gene35742\x3bgene35743,intergenic,.,T,T,2.0,0.0,.,.,0.0,0.0,.,.,0.0,0.0,T,T,3.0,0.0,1.0,0.0,0.0,1.0
298,298,299,299,299,300,NC_031967.2,41814808,gene35799,UTR3,.,G,G,2.0,0.0,.,.,0.0,1.0,G,G,3.0,0.0,.,.,0.0,1.0,1.0,0.0,1.0,0.0
300,300,301,301,301,302,NC_031967.2,42027483,gene35812\x3bgene35813,intergenic,.,A,A,2.0,0.0,.,.,0.0,0.0,A,A,5.0,0.0,.,.,0.0,0.0,1.0,0.0,1.0,0.0
305,305,306,306,306,307,NC_031967.2,43078645,gene35904\x3bgene35905,intergenic,.,T,T,3.0,0.0,.,.,0.0,0.0,T,T,2.0,0.0,.,.,0.0,0.0,1.0,0.0,1.0,0.0
306,306,307,307,307,308,NC_031967.2,43078646,gene35904\x3bgene35905,intergenic,.,C,C,3.0,0.0,.,.,0.0,0.0,C,C,2.0,0.0,.,.,0.0,0.0,1.0,0.0,1.0,0.0
309,309,310,310,310,311,NC_031967.2,43244891,gene35913,exonic,synonymous_SNV,G,G,2.0,0.0,.,.,0.0,0.0,G,G,2.0,0.0,.,.,0.0,0.0,1.0,0.0,1.0,0.0
310,310,311,311,311,312,NC_031967.2,43244892,gene35913,exonic,nonsynonymous_SNV,G,G,2.0,0.0,.,.,0.0,0.0,G,G,2.0,0.0,.,.,0.0,0.0,1.0,0.0,1.0,0.0
312,312,313,313,313,314,NC_031967.2,43395169,gene35923\x3bgene35924,intergenic,.,.,.,1.0,0.0,.,.,0.0,0.0,C,C,2.0,0.0,.,.,0.0,1.0,1.0,0.0,1.0,0.0
317,317,318,318,318,319,NC_031967.2,43797578,gene35947\x3bgene35948,intergenic,.,.,.,0.0,0.0,C,C,3.0,0.0,C,C,3.0,0.0,.,.,0.0,0.0,0.0,1.0,1.0,0.0
320,320,321,321,321,322,NC_031967.2,44314450,gene35971,ncRNA_exonic,.,A,A,2.0,0.0,.,.,0.0,0.0,A,A,2.0,0.0,.,.,0.0,0.0,1.0,0.0,1.0,0.0
321,321,322,322,322,323,NC_031967.2,44314453,gene35971,ncRNA_exonic,.,C,C,2.0,0.0,.,.,0.0,0.0,C,C,2.0,0.0,.,.,0.0,0.0,1.0,0.0,1.0,0.0
322,322,323,323,323,324,NC_031967.2,44459542,gene35982\x3bgene35983,intergenic,.,G,G,2.0,0.0,.,.,0.0,1.0,.,.,0.0,0.0,G,G,4.0,0.0,1.0,0.0,0.0,1.0
324,324,325,325,325,326,NC_031967.2,45032385,gene36015\x3bgene36018,intergenic,.,.,.,0.0,0.0,G,G,3.0,0.0,G,G,4.0,0.0,.,.,0.0,0.0,0.0,1.0,1.0,0.0
329,329,330,330,330,331,NC_031967.2,45684917,gene36045\x3bgene36046,intergenic,.,.,.,0.0,0.0,T,T,6.0,0.0,.,.,0.0,1.0,T,T,3.0,0.0,0.0,1.0,0.0,1.0
330,330,331,331,331,332,NC_031967.2,45690184,gene36045\x3bgene36046,intergenic,.,.,.,0.0,0.0,.,.,1.0,0.0,.,.,0.0,0.0,C,C,2.0,0.0,0.0,1.0,0.0,1.0
339,339,340,340,340,341,NC_031967.2,47018473,gene36120\x3bgene36121,intergenic,.,.,.,1.0,0.0,.,.,0.0,0.0,C,C,2.0,0.0,.,.,0.0,0.0,1.0,0.0,1.0,0.0
350,350,351,351,351,352,NC_031967.2,49131760,gene36212\x3bgene36213,intergenic,.,G,G,2.0,0.0,.,.,0.0,0.0,G,G,7.0,0.0,.,.,0.0,0.0,1.0,0.0,1.0,0.0
351,351,352,352,352,353,NC_031967.2,49132124,gene36212\x3bgene36213,intergenic,.,T,T,5.0,0.0,.,.,0.0,0.0,T,T,6.0,0.0,.,.,0.0,0.0,1.0,0.0,1.0,0.0
352,352,353,353,353,354,NC_031967.2,49279747,gene36218\x3bgene36219,intergenic,.,G,G,3.0,0.0,.,.,0.0,0.0,G,G,2.0,0.0,.,.,0.0,0.0,1.0,0.0,1.0,0.0
353,353,354,354,354,355,NC_031967.2,49279749,gene36218\x3bgene36219,intergenic,.,C,C,3.0,0.0,.,.,0.0,0.0,C,C,2.0,0.0,.,.,0.0,0.0,1.0,0.0,1.0,0.0
358,358,359,359,359,360,NC_031967.2,50250959,gene36260\x3bgene36261,intergenic,.,.,.,0.0,0.0,C,C,20.0,0.0,.,.,0.0,0.0,C,C,6.0,0.0,0.0,1.0,0.0,1.0
370,370,371,371,371,372,NC_031967.2,52606077,gene36358\x3bgene36359,intergenic,.,.,.,0.0,0.0,G,G,4.0,0.0,.,.,0.0,0.0,G,G,2.0,0.0,0.0,1.0,0.0,1.0
371,371,372,372,372,373,NC_031967.2,52606078,gene36358\x3bgene36359,intergenic,.,.,.,0.0,0.0,T,T,4.0,0.0,.,.,0.0,0.0,T,T,2.0,0.0,0.0,1.0,0.0,1.0
373,373,374,374,374,375,NC_031967.2,53166617,gene36401\x3bgene36402,intergenic,.,T,T,2.0,0.0,.,.,0.0,0.0,T,T,2.0,0.0,.,.,0.0,0.0,1.0,0.0,1.0,0.0
381,381,382,382,382,383,NC_031967.2,54731096,gene36490\x3bgene36491,intergenic,.,G,G,2.0,0.0,.,.,0.0,1.0,G,G,3.0,0.0,.,.,0.0,1.0,1.0,0.0,1.0,0.0
393,393,394,394,394,395,NC_031967.2,56377707,gene36589,intronic,.,.,.,0.0,0.0,T,T,7.0,0.0,.,.,0.0,0.0,T,T,2.0,0.0,0.0,1.0,0.0,1.0
394,394,395,395,395,396,NC_031967.2,56377717,gene36589,intronic,.,.,.,0.0,0.0,T,T,6.0,0.0,.,.,0.0,0.0,T,T,2.0,0.0,0.0,1.0,0.0,1.0
402,402,403,403,403,404,NC_031967.2,56426788,gene36591\x3bgene36592,intergenic,.,C,C,4.0,0.0,.,.,0.0,0.0,C,C,2.0,0.0,.,.,0.0,0.0,1.0,0.0,1.0,0.0
405,405,406,406,406,407,NC_031967.2,56948133,gene36620,ncRNA_intronic,.,.,.,0.0,0.0,.,.,1.0,0.0,.,.,0.0,0.0,C,C,2.0,0.0,0.0,1.0,0.0,1.0
406,406,407,407,407,408,NC_031967.2,56948136,gene36620,ncRNA_intronic,.,.,.,0.0,0.0,.,.,1.0,0.0,.,.,0.0,0.0,T,T,2.0,0.0,0.0,1.0,0.0,1.0
411,411,412,412,412,413,NC_031967.2,57394681,gene36648,intronic,.,.,.,0.0,0.0,C,C,3.0,0.0,C,C,2.0,0.0,.,.,0.0,0.0,0.0,1.0,1.0,0.0
428,428,429,429,429,430,NC_031967.2,60053864,gene36792,intronic,.,G,G,3.0,0.0,.,.,0.0,0.0,G,G,2.0,0.0,.,.,0.0,0.0,1.0,0.0,1.0,0.0
440,440,441,441,441,442,NC_031967.2,63136304,gene36943\x3bgene36944,intergenic,.,.,.,0.0,0.0,G,G,3.0,0.0,.,.,0.0,0.0,G,G,2.0,0.0,0.0,1.0,0.0,1.0
445,445,446,446,446,447,NC_031967.2,65285226,gene37005,intronic,.,G,G,4.0,0.0,.,.,0.0,0.0,G,G,5.0,0.0,.,.,0.0,0.0,1.0,0.0,1.0,0.0
446,446,447,447,447,448,NC_031967.2,65285227,gene37005,intronic,.,G,G,4.0,0.0,.,.,0.0,0.0,G,G,5.0,0.0,.,.,0.0,0.0,1.0,0.0,1.0,0.0
455,455,456,456,456,457,NC_031967.2,69000427,gene37200\x3bgene37202,intergenic,.,.,.,1.0,0.0,.,.,0.0,0.0,.,.,0.0,0.0,A,A,2.0,0.0,1.0,0.0,0.0,1.0
456,456,457,457,457,458,NC_031967.2,69325313,gene37222\x3bgene37223,intergenic,.,C,C,4.0,0.0,.,.,0.0,0.0,C,C,3.0,0.0,.,.,0.0,0.0,1.0,0.0,1.0,0.0
457,457,458,458,458,459,NC_031967.2,69325318,gene37222\x3bgene37223,intergenic,.,T,T,4.0,0.0,.,.,0.0,0.0,T,T,3.0,0.0,.,.,0.0,0.0,1.0,0.0,1.0,0.0
459,459,460,460,460,461,NC_031967.2,69756665,gene37249,UTR3,.,.,.,0.0,0.0,A,A,3.0,0.0,.,.,0.0,0.0,A,A,2.0,0.0,0.0,1.0,0.0,1.0
460,460,461,461,461,462,NC_031967.2,69756672,gene37249,UTR3,.,.,.,0.0,0.0,A,A,3.0,0.0,.,.,0.0,0.0,A,A,2.0,0.0,0.0,1.0,0.0,1.0
487,487,488,488,488,489,NC_031967.2,72903348,gene37376\x3bgene37377,intergenic,.,G,G,2.0,0.0,.,.,0.0,0.0,G,G,3.0,0.0,.,.,0.0,0.0,1.0,0.0,1.0,0.0
488,488,489,489,489,490,NC_031967.2,72903349,gene37376\x3bgene37377,intergenic,.,C,C,2.0,0.0,.,.,0.0,0.0,C,C,3.0,0.0,.,.,0.0,0.0,1.0,0.0,1.0,0.0
498,498,499,499,499,500,NC_031967.2,76948893,gene37609\x3bgene37610,intergenic,.,C,C,3.0,0.0,.,.,0.0,0.0,.,.,0.0,0.0,C,C,8.0,0.0,1.0,0.0,0.0,1.0
499,499,500,500,500,501,NC_031967.2,76948895,gene37609\x3bgene37610,intergenic,.,C,C,3.0,0.0,.,.,0.0,0.0,.,.,0.0,0.0,C,C,8.0,0.0,1.0,0.0,0.0,1.0
521,521,522,522,522,523,NC_031967.2,80246995,gene37784,exonic,nonsynonymous_SNV,C,C,4.0,0.0,.,.,0.0,1.0,C,C,4.0,0.0,.,.,0.0,0.0,1.0,0.0,1.0,0.0
522,522,523,523,523,524,NC_031967.2,80247006,gene37784,exonic,nonsynonymous_SNV,T,T,4.0,0.0,.,.,0.0,0.0,T,T,4.0,0.0,.,.,0.0,0.0,1.0,0.0,1.0,0.0
523,523,524,524,524,525,NC_031967.2,80861069,gene37815\x3bgene37816,intergenic,.,.,.,0.0,0.0,G,G,2.0,0.0,.,.,0.0,0.0,G,G,2.0,0.0,0.0,1.0,0.0,1.0
537,537,538,538,538,539,NC_031967.2,82117246,gene37874,exonic,synonymous_SNV,.,.,1.0,0.0,.,.,0.0,0.0,C,C,2.0,0.0,.,.,0.0,0.0,1.0,0.0,1.0,0.0
538,538,539,539,539,540,NC_031967.2,82117249,gene37874,exonic,synonymous_SNV,.,.,1.0,0.0,.,.,0.0,0.0,C,C,2.0,0.0,.,.,0.0,0.0,1.0,0.0,1.0,0.0
539,539,540,540,540,541,NC_031967.2,82299670,gene37866,intronic,.,.,.,0.0,0.0,G,G,2.0,0.0,G,G,3.0,0.0,.,.,0.0,0.0,0.0,1.0,1.0,0.0
540,540,541,541,541,542,NC_031967.2,82608405,gene37892,exonic,synonymous_SNV,.,.,0.0,0.0,T,T,2.0,0.0,.,.,0.0,0.0,T,T,2.0,0.0,0.0,1.0,0.0,1.0
541,541,542,542,542,543,NC_031967.2,82608408,gene37892,exonic,nonsynonymous_SNV,.,.,0.0,0.0,C,C,2.0,0.0,.,.,0.0,0.0,C,C,2.0,0.0,0.0,1.0,0.0,1.0
547,547,548,548,548,549,NC_031967.2,83181770,gene37921\x3bgene37922,intergenic,.,.,.,0.0,0.0,T,T,6.0,0.0,.,.,0.0,0.0,T,T,2.0,0.0,0.0,1.0,0.0,1.0
553,553,554,554,554,555,NC_031967.2,84196246,gene37974\x3bgene37975,intergenic,.,.,.,0.0,0.0,.,.,1.0,0.0,C,C,3.0,0.0,.,.,0.0,0.0,0.0,1.0,1.0,0.0
563,563,564,564,564,565,NC_031967.2,87278747,gene38088,downstream,.,.,.,0.0,0.0,.,.,1.0,0.0,C,C,3.0,0.0,.,.,0.0,0.0,0.0,1.0,1.0,0.0
572,572,573,573,573,574,NC_031967.2,87459237,gene38091,UTR3,.,.,.,0.0,0.0,A,A,4.0,0.0,.,.,0.0,0.0,A,A,3.0,0.0,0.0,1.0,0.0,1.0
